url,country_code,canonical_url,crawler_path,priority,notes
https://www.hamu.cz/,CZ,,,0,
https://www.ceskafilharmonie.cz/,CZ,,,0,
https://www.berg.cz/,CZ,,,0,
https://www.varhannifestival.cz/,CZ,,,0,
https://www.neoklasikorchestr.cz/,CZ,,,0,
https://www.auditeorganum.cz/,CZ,,,0,
https://www.liedercompany.cz/,CZ,,,0,
https://www.hybatelerezonance.cz/,CZ,,,0,
https://www.letnislavnosti.cz/,CZ,,,0,
https://www.narodni-divadlo.cz/,CZ,,,0,
https://www.cnso.cz/,CZ,,,0,
https://www.musicaflorea.cz/,CZ,,,0,
https://www.salvator.farnost.cz/,CZ,https://www.farnostsalvator.cz/,crawlers/cz/farnostsalvator_cz,0,Legacy domain redirects to the canonical parish website
https://www.stnicholas.cz/,CZ,,,0,
https://festival.cz/,CZ,,,0,
https://firkusny.cz/,CZ,,,0,
https://www.dvorak-symphony-orchestra.com/,CZ,,,0,
https://www.pkf.cz/,CZ,,,0,
https://praguesounds.cz/,CZ,,,0,
https://socr.rozhlas.cz/,CZ,,,0,
https://www.fok.cz/,CZ,,,0,
https://www.collegiummarianum.cz/,CZ,,,0,
https://collegium1704.com/,CZ,,,0,
https://www.prgcons.cz/,CZ,,,0,
https://www.bachcollegium.cz/,CZ,,,0,
https://www.dvorakovapraha.cz/,CZ,,,0,
https://www.camerata2018.cz/,CZ,,,0,
https://www.pko.cz/,CZ,,,0,
https://www.suksymphony.cz/,CZ,,,0,
https://www.ensembleinegal.cz/,CZ,,,0,
https://praha.charita.cz/,CZ,,,0,
https://www.pragueclassicalconcerts.com/,CZ,,,0,
https://www.pragueticketoffice.com/,CZ,,,0,
https://www.bco.cz/,CZ,,,0,
https://filharmonie-brno.cz/,CZ,,,0,
https://www.ndbrno.cz/,CZ,,,0,
https://jamu.cz/,CZ,,,0,
https://www.msobrno.cz/,CZ,,,0,
https://www.konzervatorbrno.eu/,CZ,,,0,
https://www.ebcz.eu/,CZ,,,0,
https://www.cfsbrno.cz/,CZ,,,0,
https://www.mhflj.cz/,CZ,,,0,
https://shf.cz/,CZ,,,0,
https://www.ndm.cz/,CZ,,,0,
https://www.jko.cz/,CZ,,,0,
https://www.jfo.cz/,CZ,,,0,
https://www.djkt.eu/,CZ,,,0,
https://www.smetanovskedny.cz/,CZ,,,0,
https://www.plzenskafilharmonie.cz/,CZ,,,0,
https://www.saldovo-divadlo.cz/,CZ,,,0,
https://www.moravskedivadlo.cz/,CZ,,,0,
https://www.mfo.cz/,CZ,,,0,
https://www.jcfilharmonie.cz/,CZ,,,0,
https://www.jihoceskedivadlo.cz/,CZ,,,0,
https://www.jhf.cz/,CZ,,,0,
https://www.fhk.cz/,CZ,,,0,
https://www.operabalet.cz/,CZ,,,0,
https://www.kfpar.cz/,CZ,,,0,
https://www.divadlojablonec.cz/,CZ,,,0,
https://www.filharmonie-zlin.cz/,CZ,,,0,
https://www.kso.cz/,CZ,,,0,
